cooked,1.1377546870105748,1.125297201628234,0.999995464292333,0.8424515190714249,0.7861409750993853,0.5016267809290346,0.1757132909736037,0.22305789462228434,0.163660085183665,0.7383991516983919,0,0,0,0,0,0,0,0,0,0
dicaprio,1.1596958366363077,1.2475344113611995,0.999993311891816,0.8958917963352475,1.0329136934335839,0.25374279214620166,0.5033064041343447,0.4831438747263864,0.452005024331472,1.4706849780751823,0,0,0,0,0,0,0,0,0,0
none,0.6775872076446801,0.9836744093398971,0.9999968264060327,0.926283254170335,0.7903592253502761,0.5815004184706047,0.10086342949787079,0.13762066347485066,0.22455225507840987,0.7349660367644146,0,0,0,0,0,0,0,0,0,0
none,1.5471531726304846,1.9976785724085118,0.9999941994348669,0.8289404106388747,0.7697398397048931,1.0634304675076167,1.0039846497462332,0.28644371139450614,0.22306508938913316,1.3768592449894985,0,0,0,0,0,0,0,0,0,0
speed,1.1619650796653886,1.2205301482138649,0.9999738106817039,0.8301712974306507,0.7187233516859168,0.4010672684499622,0.37060834052507274,0.2676266419806311,0.2218986944781681,1.0349278935117001,0,0,0,0,0,0,0,0,0,0
speed,0.8081112074595479,1.0124137958864365,0.9999705899394584,1.0645182322500757,1.112351962167793,0.31796863821334986,0.16848822049308132,0.2830345565669996,0.19703720578705106,0.8380079509209816,0,0,0,0,0,0,0,0,0,0
speed,0.9725622325181352,1.2626903869122865,0.999974926907027,0.7858381787821057,0.7315121630981162,0.3279069399357425,0.37426464794054465,0.2783153640841306,0.13901773487463537,0.5749690376750282,0,0,0,0,0,0,0,0,0,0
speed,1.3379855448900435,1.330715677543949,0.9999733065248286,0.7576577310115122,0.7977187319405808,0.3007242323631313,0.45987044712168024,0.404061785755423,0.32038117249556197,1.3179046014334341,0,0,0,0,0,0,0,0,0,0
speed,0.9999950579805679,1.1453121487501032,0.9999760171143057,0.7837572823376852,0.5637251495303625,0.22702882660072743,0.15140587741918735,0.2176810342414314,0.2990422302209969,0.5493533570602471,0,0,0,0,0,0,0,0,0,0
speed,0.698578116950951,0.9975598746109998,0.999991783802012,0.889727949025458,0.7475422127910789,0.3046564396119577,0.06501650387729555,0.13547666842103862,0.15552060066568896,0.1775326294159326,0,0,0,0,0,0,0,0,0,0
think,0.9085535072514831,1.181684878839875,0.9999922870071069,0.8085199704434676,0.6432818005112235,0.3413822230029524,0.32310971498141067,0.2407222061396887,0.2472399040468089,0.5372157846132364,0,0,0,0,0,0,0,0,0,0
think,0.834961976500877,1.3074615586004434,0.9999926970195081,0.8336254414381271,0.6883292862085911,0.563035238801797,0.5651260966981274,0.24330053305207194,0.22369761030976557,0.4982920435361665,0,0,0,0,0,0,0,0,0,0
vanish,1.2056976755746935,1.2874031801528798,0.9999876383699622,0.7677349414631695,0.5757681106943563,0.2274727543837241,0.3012831664165561,0.2761550487737943,0.31879635001175544,0.8778898134974834,0,0,0,0,0,0,0,0,0,0
cooked,0.9594452589473118,1.0680124034401604,0.9999951496665803,0.9124582257639031,0.7175404663637784,0.5353704484141092,0.24472667158750383,0.10536757678707537,0.20750089259727184,0.6322136913783387,0,0,0,0,0,0,0,0,0,0
cooked,0.9925355286022073,1.1608049882972513,0.9999958930345054,1.0270958804530002,0.9832912775973832,0.20618132849591797,0.3339368751106962,0.36375855584837674,0.19172509026898826,0.8713328967277572,0,0,0,0,0,0,0,0,0,0
cooked,0.9947002617566117,1.1204155911341787,0.999995528943081,1.0139558723463549,1.0140918551530875,0.1848986170284023,0.25920695440454616,0.2871547254425317,0.216674668305776,0.7960760643214572,0,0,0,0,0,0,0,0,0,0
cooked,1.0484793021283187,1.1418983522239017,0.9999953123294217,0.9577500270191641,0.9355527791914765,0.18108847893191246,0.26536983803868447,0.2708119471617463,0.1940029927248479,0.7805034285413281,0,0,0,0,0,0,0,0,0,0
cooked,0.8622747607649351,1.036169830261496,0.9999960735494621,0.9689890525298167,0.9136941174721385,0.1965840564906465,0.2280950196624048,0.2849413962585123,0.18401603719932083,0.6594399137470001,0,0,0,0,0,0,0,0,0,0
cooked,0.9889769124247169,1.0479452989521245,0.9999955794905035,1.0488366824645152,1.0311274515627573,0.2638687417168674,0.2680670600974348,0.24859131774157822,0.1771179092194219,0.8882308179551238,0,0,0,0,0,0,0,0,0,0
cooked,0.921712117951236,0.9716621409619143,0.9999957605345802,1.0452694115117183,0.9697779399937441,0.34372580469601743,0.23300247164109572,0.22767201747836335,0.16618058141445888,0.8678317395539717,0,0,0,0,0,0,0,0,0,0
cooked,1.3314594111485427,1.3447759841907503,0.9999903096790518,0.8652572052984869,0.9059541164414877,0.26977768630655546,0.4907228853155268,0.286683200910853,0.25735300047464926,1.1755033447332752,0.8293165812574563,1.0213155797961984,0.9999952306257156,0.9429874658794706,0.8774075221248111,0.4164437469464993,0.2125431344772838,0.20428893016728342,0.17758250470433187,0.8163039532053297
cooked,0.7191307001189481,0.9259589526199298,0.9999945685854345,0.9439169550980744,0.8455840280140512,0.4222240465928683,0.17234682674669835,0.12353469389836563,0.13265553328096358,0.6394253274704871,0.9563757800356023,1.0116170695897297,0.9999953701215389,0.93229365698718,0.8148302012360167,0.44370917427285556,0.2876182640091801,0.1488615910191051,0.1287450591866244,0.7792866031410405
cooked,0.8468428685149468,1.0557470710383818,0.9999955022412713,0.8976590837350268,0.8014240582874432,0.24288537051711143,0.172866089012024,0.23931776860926982,0.16302330316799477,0.508133188586592,0,0,0,0,0,0,0,0,0,0
cooked,0.7654271239478191,0.9782646708950781,0.9999948809453575,0.9509808723302371,0.8685321422025899,0.3189946460344218,0.17730038269488743,0.13566301056772595,0.15386208035225807,0.5836678405493106,0,0,0,0,0,0,0,0,0,0
cooked,0.9505948807205904,1.1204022470918638,0.9999961057649828,1.0167993259876675,0.9779465859878472,0.22479799700978056,0.20861743288151885,0.38045694580300016,0.1999923774892727,0.80769385632688,0.8453298984314724,0.9952604156771321,0.9999951881762782,0.9416923856165121,0.8052803638165013,0.22332048185073697,0.230413165857602,0.18651017917602583,0.1469506809594767,0.5194763680762107
cooked,0.9476872822808993,1.075641583228511,0.9999956261380778,1.1026841845075837,1.0275394234578274,0.15196601750701283,0.25458895081420035,0.29601911278453946,0.1874695721058915,0.6488302389019561,0.8794120749231625,0.9840931543219611,0.999994975431874,0.9603241681747482,0.8706570648439675,0.2906296670791906,0.20183615778488292,0.17624677900995817,0.1219979017689782,0.6391126997605145
cooked,0.8080769209627747,1.0226496857987752,0.999995720416788,0.9813333073354794,0.9468573767346109,0.332251528561548,0.2663958987984015,0.27471048765978034,0.1474870457374766,0.819084863456951,0.8605256362604985,1.0321575996668095,0.9999943533788112,0.9700355988200551,0.9285887030392672,0.316229888579671,0.24810381578327673,0.17676025941912415,0.17413592954221974,0.7612903681168012
cooked,0.8161630699329031,1.009869183155376,0.999994442445898,0.9680416577239709,0.918864508465231,0.2868880830859604,0.19409649962243372,0.18709251053043857,0.15435965445627647,0.6535920067160744,0,0,0,0,0,0,0,0,0,0
cooked,1.0055647097380653,1.2239630891190418,0.9999957143717733,1.0612013374306732,1.025847534928488,0.22999560934382043,0.3893104223547853,0.3824894570019014,0.21481543315922166,0.8775791884323737,0.886651168855257,1.0102856690802013,0.9999946962163196,0.926070750036396,0.8333452039050284,0.17121872294038107,0.16917553297294186,0.13176152807968258,0.11963124914691615,0.37517902290719085
cooked,0.75086819885366,0.9577380181369007,0.9999961242827783,0.9599932180841367,0.8768922066819567,0.2882993401237368,0.2965112990155252,0.2636428091585232,0.15784951293929453,0.7456838991542295,0.820956830956753,1.008832150861374,0.9999944498656038,0.9585762662612621,0.8989771511735702,0.28092394251637715,0.24875527775489523,0.19845119322204222,0.17557681564671354,0.710727377619813
cooked,1.060189279885252,1.1549340831713417,0.9999954365317104,1.120793800156358,1.083694625985401,0.24123832540099943,0.29442868339194067,0.34583912440068365,0.21190313888428344,0.9201613750913258,0.8104543354942695,0.9748915489315975,0.999995114446826,0.899927181235705,0.7860297285758298,0.4593254335967165,0.1437884983823833,0.12103368231889183,0.12700702632745356,0.538610335842487
cooked,0.8720714203252115,1.0622069576612796,0.9999952391842469,0.9527863868276661,0.8432334100850337,0.2732281576740682,0.2462605622495465,0.16696361912970653,0.13527123895567011,0.5572412510255264,0,0,0,0,0,0,0,0,0,0
cooked,0.8117615891530547,0.9670659036943032,0.9999945161869169,0.9807588302969491,0.9393174595757621,0.42611558818464035,0.11738942702612604,0.13127322101116656,0.16247149866722652,0.7385789667803597,0,0,0,0,0,0,0,0,0,0
cooked,0.7215271785085097,0.9151085746133818,0.9999964406418541,0.9548014052042354,0.8329370487663579,0.2659472080359294,0.22749961700245871,0.27979663498442836,0.21162231443285406,0.6896584108751309,0,0,0,0,0,0,0,0,0,0
cooked,1.2280093282272855,1.2464287133016747,0.999975500742575,0.746802830658021,0.7163854580877221,0.36357765604104886,0.3496372701577644,0.3850790336460751,0.32076228871241846,1.2226994963044604,0,0,0,0,0,0,0,0,0,0
cooked,1.090693000321668,1.2453500365740178,0.9999780200981607,0.7519596607054252,0.7082967751175294,0.3306345392299467,0.3349191879805083,0.3448819909030622,0.22061563862822783,0.8538016516488893,0,0,0,0,0,0,0,0,0,0
cooked,1.0968890851306587,1.231103350107685,0.9999952365632403,0.9528114935745076,0.9541005979357428,0.26565281848718303,0.42657989287288023,0.33344928454477424,0.33466079212239064,1.117274606342379,0,0,0,0,0,0,0,0,0,0
cooked,1.0496321809389668,1.0516367970919125,0.9999948689570992,0.9412475154377946,0.8757683160720999,0.7108225836332744,0.28142565107398454,0.206609810965383,0.15039097312240546,1.1821627468759688,0,0,0,0,0,0,0,0,0,0
cooked,0.9598545175092118,1.054242673201909,0.9999954407269787,0.9044878447647179,0.81797818128269,0.674494642732599,0.270356815076607,0.20208852562064886,0.1541832209345221,1.0560120982613947,0,0,0,0,0,0,0,0,0,0
cooked,0.6148063620183751,0.9645751638003761,0.9999965554048738,0.9654364300981794,0.8504118958250356,0.3879250033946145,0.2741724288388921,0.3238776171183423,0.2054471435487858,0.738706580294061,0,0,0,0,0,0,0,0,0,0
cooked,0.8780185839782749,1.0717545166057971,0.9999755704049119,0.9406981949138352,0.9142728269090555,0.5220431514161176,0.30896452243681244,0.26696758014703353,0.25916007994636153,1.0949039539662964,0,0,0,0,0,0,0,0,0,0
cooked,0.7612995661317754,1.0320253200095597,0.9999957747571067,0.8791036709411205,0.7795704583192181,0.28366339046386996,0.16349279060985358,0.2622762171588048,0.1822404512121007,0.48235744078441295,0,0,0,0,0,0,0,0,0,0
cooked,0.931015373767259,0.9962188373234296,0.9999948720777718,1.01235115873772,0.9993761097575383,0.11457535948952305,0.26475242515339653,0.2745492289558499,0.19671963845140997,0.7793275174144653,0,0,0,0,0,0,0,0,0,0
cooked,0.8056554514617609,0.9173874645689618,0.999995816742464,1.0065629928269395,0.8736268964975871,0.1964391254308949,0.3280588211833323,0.15702344494426607,0.19454582112533025,0.6688346977713857,0,0,0,0,0,0,0,0,0,0
cooked,0.9159651048893238,1.0149131305802972,0.9999952618831839,0.9808692551673613,0.9326729140305016,0.2622746983104735,0.1361019448615965,0.2235793794878596,0.20635748296335693,0.7390394562700923,0,0,0,0,0,0,0,0,0,0
cooked,0.9077842765877675,1.0043562176104257,0.9999950194958328,1.0458787143102348,0.9698947210693492,0.1799832065168895,0.255716057130636,0.2604807594937962,0.2216409941760819,0.7958798593921043,0,0,0,0,0,0,0,0,0,0
cooked,0.8186967530871874,0.9570817156380844,0.9999955871705595,1.020401653669825,0.9089130639898563,0.250737371751177,0.275073770240988,0.22480442917678203,0.21970657158611132,0.7790588477497624,0,0,0,0,0,0,0,0,0,0
cooked,0.8258736810515714,0.9735983767958322,0.9999956779749752,1.0058290365729088,0.9052454240605771,0.23353489346024264,0.27694135518269647,0.2652436150657923,0.22439074029356137,0.790872675134308,0,0,0,0,0,0,0,0,0,0
cooked,0.8424057982424663,0.9758303791657239,0.9999955502926307,1.0392764728947141,0.901976845150355,0.24871739605797624,0.21775327460457572,0.2370123479460612,0.22530806206283155,0.7334568147719431,0,0,0,0,0,0,0,0,0,0
cooked,0.7983436232958716,0.9721784424882699,0.9999957411511996,0.9734171030440834,0.8317182168118841,0.3569495401631109,0.16015727297693244,0.1579176896734056,0.20222014377391737,0.6575970743050983,0,0,0,0,0,0,0,0,0,0
cooked,0.821724326277245,0.9803369597229598,0.9999956175616389,0.9940375535899366,0.8841358204948291,0.29218571678598193,0.16944820520821866,0.19274511763961658,0.20813600030355067,0.685083269883758,0,0,0,0,0,0,0,0,0,0
cooked,0.9076211744279994,1.0363255492913674,0.9999952009448788,0.9918667170571581,0.9097155079704754,0.17436308796209624,0.26419710744608005,0.20669070251803198,0.215232353844672,0.6984402230350435,0,0,0,0,0,0,0,0,0,0
cooked,0.743619596718388,1.000296660591343,0.9999961062641178,0.9341864957097276,0.8188380837436237,0.35494097787674556,0.1481237151984841,0.1331459244075248,0.15035419599333108,0.5097684809550312,0,0,0,0,0,0,0,0,0,0
cooked,1.2798015652731989,1.2997564395986976,0.9999741468991079,0.7410382073113045,0.6861944150956059,0.24267409939147047,0.3700291718338455,0.3863417917457563,0.3657148295981719,1.220485892051788,0,0,0,0,0,0,0,0,0,0
dicaprio,1.2613580819635093,1.0518036362899168,0.9999882129574237,0.8331497985485115,0.6559475139337568,0.47779838960630155,0.6952402805726045,0.2725218582306726,0.38162653948233194,1.4171760180135593,0,0,0,0,0,0,0,0,0,0
dicaprio,2.1074250273327446,1.3269346974791092,0.9999940833100242,0.6526283593924146,0.5492608998018735,1.0735126306581617,0.3635065627538049,0.42547729575772175,0.38056052664663037,2.0903202156397813,0,0,0,0,0,0,0,0,0,0
dicaprio,1.0516013220633291,1.4239120432874588,0.9999963470428129,0.8184495012454357,0.7625518082758279,0.44827312117700996,0.5905087447659094,0.3444479299481727,0.25762892530221015,0.7848729891716739,0,0,0,0,0,0,0,0,0,0
dicaprio,0.38877249810888276,0.9838299849434539,0.999997546447183,0.8637631679373795,0.628396952423297,0.6508225936023507,0.11011965561817337,0.1449531505072421,0.24470149927989543,0.38984744427546836,0,0,0,0,0,0,0,0,0,0
dicaprio,1.577639325948097,1.3400911203561263,0.9999956452562953,0.9418849920593634,0.7853155937679902,0.5640876108096576,0.5997976808265951,0.38988065537960565,0.4416575818908222,1.3969027379686,0,0,0,0,0,0,0,0,0,0
dicaprio,2.046085657085407,1.6740355604083783,0.9999945825865819,0.7542407276848613,0.5766367457164198,0.6582438492733517,0.8752197080905669,0.32102454591575424,0.3647947373057654,1.8380935345677913,0,0,0,0,0,0,0,0,0,0
dicaprio,0.6231093293906983,1.0192204053996563,0.9999975365887324,0.837853435644279,0.692423139295238,0.3977044270357166,0.05505748972186163,0.19870250875652762,0.19523193848611448,0.24440438582296536,0,0,0,0,0,0,0,0,0,0
dicaprio,0.7477662052057533,1.3431535160246446,0.9999966560034834,0.8399176804903354,0.5401827328584904,0.6047868537512171,0.39752931665647223,0.2002842315708945,0.45818040969566237,0.4636265695344161,0,0,0,0,0,0,0,0,0,0
dicaprio,0.7325281568284353,1.2689977849324212,0.9999969066899013,0.8424500661951995,0.5159041781260028,0.5408737512002033,0.3016949618646536,0.2027697664196619,0.4621257405386057,0.4683832299693267,0,0,0,0,0,0,0,0,0,0
dicaprio,0.7081714266226686,1.0777868793378682,0.9999970101367913,0.8583723082253117,0.5689693682583704,0.3984087662456729,0.0971417444826964,0.16484907122990963,0.34376401239461135,0.27647897636212154,0,0,0,0,0,0,0,0,0,0
dicaprio,1.034052691117084,1.1800274434029103,0.9999890311479112,0.8227666669631719,0.6213181495702669,0.24140870011308946,0.19460167889119137,0.20943342507568627,0.24465145024918802,0.5677264739416084,0.6614144657783549,1.3028385571451107,0.9999968537716151,0.8419576078001145,0.463729929080542,0.6656523699950476,0.3305750477489501,0.1783988885257712,0.5051687829503919,0.3819609088106582
dicaprio,0.7869525080528916,1.0500185054231632,0.9999912456627659,0.874025749378916,0.6159423321147555,0.29491936331759705,0.06156614682823399,0.13831530157756355,0.2856134213545409,0.2955810937983711,0.7025064204915105,1.3450045164138917,0.9999966925192966,0.8969784457847411,0.5835105188527631,0.6507910048311184,0.40571794441218406,0.13126528674515067,0.445143668977602,0.38954099731024633
dicaprio,0.7201546476304906,1.041059453542241,0.9999913799887473,0.8753176351106681,0.5974645274539261,0.3462824595194825,0.05503710394714763,0.14153433917164324,0.3143162756573077,0.276291056781552,0.6994194492065755,1.278619620130425,0.999996706026639,0.883119394266001,0.5516671060073065,0.5881267281065677,0.311741009137891,0.15990408735100267,0.5191261215770904,0.48758590680095354
dicaprio,0.6171116285472512,1.0062709807840817,0.999991174108293,0.9236274228240323,0.7664749538277792,0.3938418503532922,0.02040977104341909,0.07737894459877691,0.1596822925177562,0.16029330546835177,0.6724033392213441,1.362853061990151,0.9999961353892675,0.8149714140654714,0.708927047848366,0.7316312841276444,0.38453381121616304,0.19242662819471815,0.25192271935302984,0.3923991387198638
dicaprio,0.5738775736446055,1.0045027494380165,0.9999913266117054,0.9235725238584219,0.7646541653453226,0.43946933113174613,0.013591050603419351,0.07719647212579424,0.16190673596455318,0.2021128945556767,0,0,0,0,0,0,0,0,0,0
dicaprio,0.8299645484352934,1.1162058355514155,0.9999902499774177,0.7098471152945258,0.5071608095380494,0.3169903100462292,0.16089055394288815,0.3285658457303312,0.30673672836624677,0.5525910546824373,0,0,0,0,0,0,0,0,0,0
dicaprio,0.6792990472438839,1.0441147901417267,0.9999910254360532,0.6865573970856174,0.4654816990026719,0.37363304466214325,0.1148826866973754,0.3268249276767649,0.26327953175448077,0.33297744809443475,0,0,0,0,0,0,0,0,0,0
dicaprio,0.7312859442823526,1.0523386349669737,0.9999910939620065,0.8156196288504155,0.6071272924946816,0.3324033551767367,0.07542733311141438,0.19567402234817952,0.24050371808225304,0.255924402527108,0,0,0,0,0,0,0,0,0,0
dicaprio,0.6265416671108154,1.035197674723048,0.9999911223829527,0.8669832969188072,0.5927946110517541,0.41171296727803997,0.05366688079011581,0.14091836167356186,0.30091471089007715,0.14481822352484067,0,0,0,0,0,0,0,0,0,0
dicaprio,0.838145539826566,1.1261400875437662,0.9999899376612653,0.742057807565214,0.5462416474248262,0.3156348492914921,0.14994300145203357,0.29375755176217,0.2868502833182228,0.5163186404330053,0,0,0,0,0,0,0,0,0,0
dicaprio,0.6733320538349352,1.0276742312283405,0.9999912339195811,0.8711769653025696,0.6044493341909275,0.3659864988882167,0.03215673114107585,0.1379755021660515,0.3026811650178893,0.22423341811345737,0,0,0,0,0,0,0,0,0,0
dicaprio,0.6094942108021663,1.0115238651176992,0.9999909578417179,0.9257369888286899,0.7599967239968382,0.42293648891672864,0.024313027157424116,0.07685652565663259,0.16937539097517057,0.22092615584508546,0,0,0,0,0,0,0,0,0,0
dicaprio,0.7426508717187752,1.064987010794143,0.9999913173040731,0.8112280835867738,0.6388648961906398,0.3486357274760663,0.0917348118138911,0.21463372620312882,0.2278526938690739,0.33965259106378337,0,0,0,0,0,0,0,0,0,0
dicaprio,0.7845369300951724,1.0720262744346665,0.9999910931468192,0.8202409935624305,0.6374172053205993,0.32623739513046335,0.0960276381873269,0.19873660061536608,0.22378429972858138,0.3400417329662878,0,0,0,0,0,0,0,0,0,0
dicaprio,0.8247468995166513,0.9946067031093201,0.9999959888722405,0.9391553120802565,0.8538521116143917,0.323403782425171,0.15740269175919433,0.09926704430557143,0.09299473091404259,0.14071621826182223,0,0,0,0,0,0,0,0,0,0
dicaprio,0.6884733470204912,0.9963739304013608,0.9999975028112053,0.913075879923559,0.782662911705309,0.4021423320880202,0.04139414354215477,0.12098693628677915,0.18181748230026598,0.4371754194199872,0,0,0,0,0,0,0,0,0,0
dicaprio,0.7156361918323834,0.9827090970908493,0.9999971611575521,0.9704794012479157,0.8734545006370233,0.3216282601028523,0.02119745134654455,0.06765488779151764,0.1136845868219518,0.30893010818484296,0,0,0,0,0,0,0,0,0,0
dicaprio,0.7441257673988052,1.0292829514701465,0.9999970680185953,0.9589255416762156,0.9228154192009168,0.28626265336322143,0.04852754016598528,0.09474537281308738,0.07460562575298307,0.2279234812575578,0,0,0,0,0,0,0,0,0,0
dicaprio,0.74921477462909,0.9848352935213829,0.9999968430627025,0.943577759237446,0.8111971159246887,0.2608322519654612,0.09426494045823548,0.09587862377505266,0.16000855107082437,0.30408067236231456,0,0,0,0,0,0,0,0,0,0
dicaprio,0.8387826319633629,0.9816072563861249,0.9999971220170176,0.9329545573736194,0.9382713481138932,0.25504252762629687,0.21513103419513874,0.1588975754237541,0.17885533702954612,0.646061217799968,0.7424656654351519,0.9966131657571675,0.9999967737935913,0.9331460219882409,0.8156062535263001,0.272647599843155,0.024062794105522166,0.07113851263394508,0.12589368509941112,0.1453329093121711
dicaprio,0.6065017983509597,1.043586075065116,0.9999971383815331,0.8461083171725491,0.6502225265537332,0.44782299102962847,0.05673548172188641,0.15523676431052327,0.21179625469056423,0.09753550262495918,0,0,0,0,0,0,0,0,0,0
dicaprio,0.6247118860422465,0.9512740552484131,0.9999968328446663,0.9651963538572566,0.8889605354193673,0.48240638748736947,0.06958227303619112,0.05362788530866353,0.11817369996099453,0.5417398682976857,0,0,0,0,0,0,0,0,0,0
dicaprio,0.5036105172246933,0.9500976550069843,0.9999968728780575,0.9463623966337897,0.8473529313407275,0.5414471526709204,0.06549846891508744,0.06612978130720205,0.10134186762167081,0.4566770243031034,0.9916299073585184,1.110372920185349,0.9999970159395246,0.8554601038155791,0.7334636692903597,0.2506627880024573,0.23545178070487005,0.2020045981695798,0.261879116206057,0.7366739139544832
dicaprio,0.7482873747410652,1.0277133680017088,0.9999971329521693,0.8692262398581271,0.6432645523268478,0.3140919084877841,0.0344675913352023,0.1470645941301695,0.26770149805346566,0.2915485454944605,0,0,0,0,0,0,0,0,0,0
dicaprio,0.91955313606061,0.9956949135465433,0.9999933059717608,0.9282138419563634,0.7913451685192365,0.46681871951282944,0.4001141571296425,0.25204582558289435,0.603090936418704,1.3518861883843818,0,0,0,0,0,0,0,0,0,0
dicaprio,0.9620720580708321,1.1774127211890615,0.9999971155372206,0.8186811311372788,0.7277846536149272,0.47482451697138905,0.2310490582905768,0.20895380563978422,0.17386766584550042,0.7009084794733704,0,0,0,0,0,0,0,0,0,0
dicaprio,0.6153617178363094,0.9972556529558696,0.9999974180821759,0.7700864505653859,0.583176729348278,0.4269284986558844,0.06605280382186984,0.23391458521968922,0.20441309294717963,0.28026541375052727,0,0,0,0,0,0,0,0,0,0
dicaprio,1.4923906740665407,1.3286412734408208,0.9999945606145544,0.8232096604153051,0.7595671046873071,0.5416645192372788,0.48425493264333475,0.23677306478353796,0.13429219488284833,1.1445071342081141,0,0,0,0,0,0,0,0,0,0
none,0.6400436558631818,0.9378100441610896,0.9999970154378858,0.928509796482954,0.7964437664138039,0.35781327354658504,0.14786988549700283,0.11155273482386785,0.15450850477106048,0.42916549513751456,0,0,0,0,0,0,0,0,0,0
none,0.6733463585657917,0.9367013968135158,0.9999961805108618,0.9429953608872627,0.8173148223535405,0.30244504958633217,0.19107476359452294,0.13993079492728513,0.22868827859959534,0.5367665548174831,0,0,0,0,0,0,0,0,0,0
none,0.6222259156858447,0.9328792529630366,0.999997964067121,0.938976533302116,0.7716742474955561,0.49684197301202704,0.11978127341015558,0.13973555882559022,0.24160568476148056,0.6403144518004731,0,0,0,0,0,0,0,0,0,0
none,0.629614625526127,0.9367107250720802,0.9999981152497087,0.9149139472632576,0.7447563554758208,0.5154297542572776,0.13877238708687714,0.13435773256708652,0.2294588558945561,0.6230051477418243,0,0,0,0,0,0,0,0,0,0
none,0.632367741884566,0.9684338658251151,0.9999981350347499,0.9398610504829507,0.7943625051623233,0.5143694021959485,0.0981547882445325,0.11227219965416195,0.22118076568369752,0.6134651374418817,0,0,0,0,0,0,0,0,0,0
none,0.6617505126857615,0.9673489341123899,0.9999980772352723,0.9126327264529379,0.7323681668419805,0.44824085938299746,0.0963562654004254,0.12835379279189738,0.22302415777762347,0.5065119093477686,0,0,0,0,0,0,0,0,0,0
none,0.6435028424595692,1.0119091219483678,0.9999978662466203,0.9316503011455188,0.806003488160978,0.3754121562317742,0.09164792565037254,0.10273542377677593,0.15206384761126618,0.24137618484828807,0,0,0,0,0,0,0,0,0,0
none,0.6079714996854464,0.920800222539168,0.999998123863721,0.93412717649601,0.7968897887748416,0.487862965889662,0.1321329796988223,0.10353542135063716,0.19589726776252706,0.5905196297945594,0,0,0,0,0,0,0,0,0,0
none,0.5211734237229411,0.9678050135314644,0.9999981199400025,0.9362052514380116,0.7800234779851234,0.6365944146005975,0.11593398545019416,0.12316754124933718,0.20069468286839082,0.6721478488831734,0,0,0,0,0,0,0,0,0,0
none,0.5440398197437487,0.9712781626994933,0.9999980945676754,0.9429491301772658,0.7966818823116414,0.5951839326078749,0.10394082237036528,0.125680017217841,0.19587669047468545,0.643321126621422,0,0,0,0,0,0,0,0,0,0
none,0.5306040436327001,0.9659732000755837,0.999998081564067,0.9348596461336535,0.7821853672435408,0.5908804834244823,0.11218788930762041,0.12586850598415242,0.2160951094199882,0.6466680369304121,0,0,0,0,0,0,0,0,0,0
none,0.5882817075980624,0.9787581142459119,0.9999980721006723,0.9322963321280049,0.7739794901671829,0.5768940409099745,0.1174305192982297,0.13001218603072057,0.20763862454611282,0.6473468300937214,0,0,0,0,0,0,0,0,0,0
none,0.5710937016328141,0.9870042492401845,0.9999980488082446,0.9569602445710254,0.794837509667606,0.6241112723465102,0.104135284845342,0.12616275267217522,0.2199603288171332,0.6942470078879468,0,0,0,0,0,0,0,0,0,0
none,0.6024236854501702,0.9588552468909655,0.9999980792637078,0.9604341716215021,0.8039129796709195,0.5519750957142485,0.13538985964941583,0.11321196435767518,0.21911317225271817,0.6678442039492868,0,0,0,0,0,0,0,0,0,0
none,0.6283935583313351,0.9586187136125365,0.9999980246121729,0.9413159298980301,0.7822914557592855,0.33541213765460526,0.07862688816947343,0.09224555066206908,0.18173894787012315,0.2384271631895803,0,0,0,0,0,0,0,0,0,0
none,0.5450523791041343,0.8834133972448769,0.9999980356564663,0.9638907198137654,0.8449984315841674,0.43881600872368354,0.15537173189267206,0.10413280894938697,0.1596219528329476,0.5624631664553734,0,0,0,0,0,0,0,0,0,0
none,0.5666973761175141,0.9016911514879786,0.9999976466270952,0.9815147741953821,0.8259830497045669,0.5331964512825047,0.149885603966111,0.12252847920057781,0.21129592650312948,0.6843282913008158,0.603878808007875,0.951602559037994,0.9999981008415303,0.942925576143999,0.8113832957583406,0.5020612994987809,0.11161534287641792,0.11928122748681869,0.17799296021692235,0.5930085574269219
none,0.6808020993733299,1.0164757733037224,0.9999975700229674,0.7966024789465247,0.6672935567648909,0.5910792149963917,0.11657349649115961,0.22816932115062982,0.21352704162664043,0.6630807457712833,0.5995289005130855,0.9463523562479021,0.9999981379635001,0.9432198030056801,0.8045414321603838,0.49496500053738146,0.12863992639727878,0.11011762708425268,0.18948352411725183,0.5892014878571251
none,0.5948862867263399,0.946780827783299,0.9999981232897517,0.9548792619030259,0.8209799453704686,0.4919452470013675,0.11762556981258071,0.10425922488334519,0.1943227369636833,0.5964984485813565,0,0,0,0,0,0,0,0,0,0
none,0.5963834041935318,0.9497351846828941,0.9999981015961596,0.9531865215899468,0.8129205669872227,0.48773695952623797,0.11941829204727603,0.10238317653386066,0.19761515496511275,0.5842484287953614,0,0,0,0,0,0,0,0,0,0
none,0.5935202623011927,0.9299688476395591,0.9999981324102085,0.9533187886817993,0.8156693454207012,0.4642314370224938,0.11959160146828678,0.10952207778710239,0.19713683988795427,0.5750893603291187,0,0,0,0,0,0,0,0,0,0
none,0.5948585835129243,0.9643761425758925,0.9999981340009333,0.9507294843683823,0.8070887437742725,0.5012285038529075,0.10467367039239837,0.1022867567482139,0.1986472521337169,0.5680268597212957,0,0,0,0,0,0,0,0,0,0
none,0.6021757648852885,0.9320894755636018,0.9999981332929746,0.9551370428547818,0.8232644185556212,0.47722124399462473,0.10914481871805715,0.096302190939116,0.19532219252407157,0.5836489137408867,0,0,0,0,0,0,0,0,0,0
none,0.5999392244316387,0.9466198713523556,0.9999981162643209,0.9471071934044744,0.8223324114945786,0.4972413222219618,0.10351335273146016,0.11229770548836102,0.18597321720197735,0.5969712247211054,0,0,0,0,0,0,0,0,0,0
none,0.5873296068899665,0.9328907741902039,0.999998141342378,0.9503272602495173,0.8115339098613314,0.47369166694857595,0.11820346667604473,0.10720295649172003,0.19959995939810982,0.5750414056346628,0,0,0,0,0,0,0,0,0,0
none,0.5923566314846397,0.9325396385769359,0.9999981227239175,0.9482619692326597,0.8120777868864502,0.46728495892904875,0.11945602032551893,0.11294284274754413,0.19641887124493645,0.5764718408376227,0,0,0,0,0,0,0,0,0,0
none,0.5909250309911591,0.9239708698335921,0.9999981285922004,0.9497888566465646,0.8083688695009444,0.4641030471001286,0.12239751519515303,0.10942226184379555,0.20579270915336925,0.5796283613594596,0,0,0,0,0,0,0,0,0,0
none,0.656999819259019,0.9668124986965139,0.9999976398818745,0.861679594346831,0.7455251639712969,0.561092082081753,0.12916801320275728,0.1950283508163918,0.1627004220642158,0.6830539306377553,0,0,0,0,0,0,0,0,0,0
none,0.7187214168830794,0.9721532152401119,0.9999975792073416,0.9443412590156945,0.7773771594163812,0.47143903703092876,0.14974142847054733,0.14731870109971704,0.22171656882624904,0.6696728571355189,0,0,0,0,0,0,0,0,0,0
none,0.591920303016317,0.9241707976856512,0.9999979170120182,0.9406470511484517,0.7938357750803298,0.48927784465702473,0.1441811991438024,0.13126441550554135,0.21169527516259706,0.6315867254571534,0,0,0,0,0,0,0,0,0,0
none,0.6119009870643723,0.943776991620652,0.9999979282582346,0.9500481963610674,0.8279064562921409,0.48123925718505123,0.14259738490402027,0.11915040912792861,0.19367584704457383,0.6369595866256949,0,0,0,0,0,0,0,0,0,0
none,0.6148078898295254,0.9386513545616556,0.9999979477236617,0.9514515137213335,0.82494852699959,0.46415316523418615,0.13396841970126758,0.11068333783157987,0.1924471142428029,0.6054215881066528,0,0,0,0,0,0,0,0,0,0
none,0.5458958270096537,0.9783782735209484,0.9999978254580043,0.9144527748112203,0.7803711837996588,0.45594617115163877,0.03426395194211468,0.08762514189460191,0.14113045340269695,0.28759352829933027,0,0,0,0,0,0,0,0,0,0
none,0.565818883137596,0.9486384799348894,0.9999979389103854,0.937130656339374,0.7804147976404765,0.5436926012046714,0.10300164527740796,0.1274370529938775,0.21575567106018662,0.6180674678080977,0,0,0,0,0,0,0,0,0,0
none,0.5814680134989749,0.9684596487310239,0.999997888454708,0.9408647344166507,0.7935206354490404,0.5897096861267639,0.11330572959930703,0.12916972429624604,0.1905515230452402,0.6679904371109215,0,0,0,0,0,0,0,0,0,0
none,0.6090701797192802,0.9623161440417628,0.9999978656251468,0.9520309466328084,0.805853486058285,0.5757229736947721,0.1009876064951884,0.1117853767000589,0.18966958371588272,0.6596176714497821,0,0,0,0,0,0,0,0,0,0
none,0.6058889403964033,0.9656145742958315,0.999997876446496,0.9372578948579435,0.7820105313968407,0.5670414786864018,0.1160635364888828,0.15383689052354896,0.20179940525228718,0.675241044044162,0,0,0,0,0,0,0,0,0,0
none,0.6136264940207099,0.9644709539940278,0.9999978653886668,0.9465743255283939,0.790613912834877,0.5752896918647409,0.1087345326460071,0.11656527248171245,0.20618485022351626,0.6686279876215198,0,0,0,0,0,0,0,0,0,0
none,0.6088252799801224,0.9642314362367732,0.9999977456816639,0.9744065987007502,0.8850007779017552,0.3619144008882652,0.054819495083112235,0.041201849025552066,0.1087916390282446,0.3195713713375586,0,0,0,0,0,0,0,0,0,0
none,0.5860820180061203,0.9167853644217562,0.9999977934404272,0.9669776518844889,0.8486546265645367,0.45501346418153754,0.12463622743254,0.1085778069303155,0.1958341476301677,0.6058098281961334,0,0,0,0,0,0,0,0,0,0
none,0.5821907796980522,0.9329998975166296,0.9999978162769761,0.9523702138223014,0.8468823001436636,0.46372595386789833,0.13069019994119224,0.10383232774023689,0.18705994952384977,0.6023616126987635,0,0,0,0,0,0,0,0,0,0
none,0.6234895999939812,0.9239207709855489,0.9999962499868338,0.9720222802067607,0.8213855474505656,0.5174980152743215,0.158895673612536,0.1489721350536237,0.2220306906586159,0.7309745828669281,0.5830129062375042,0.9193391248900095,0.9999978124732285,0.9564992201091755,0.834028006141118,0.46335416486185843,0.13144636508107138,0.10685154888703464,0.19876197934999387,0.6077565678944018
none,0.7401820299602899,0.9564813437654037,0.9999966364778232,0.9523368535404038,0.847440526814639,0.5598641405647455,0.17596301753587326,0.15160572384590953,0.2109686693856108,0.8634434049945781,0.5930677135680934,0.9154356252129376,0.9999978427174665,0.9614026484167335,0.8386890809396902,0.4792969662293469,0.13628269132585033,0.10854119062872195,0.20743315440012278,0.6493223863536812
none,0.5769314966372547,0.9375988396652513,0.9999979401680815,0.9572881353330437,0.8244730262109043,0.6217665138529842,0.150554595243949,0.14388573748851574,0.2536293575053636,0.8137404113251995,0,0,0,0,0,0,0,0,0,0
none,0.6982960312539422,1.0584053064448848,0.9999967300503027,0.9629866650547657,0.8295104714329112,0.7981710749006918,0.2057490915124061,0.15716641398781764,0.273423688467726,1.020611856361213,0.7423273432649089,1.0344253848189182,0.9999938335315505,0.9089532784785292,0.8242673787998853,0.8604561597329518,0.19178721708737495,0.14525162376570894,0.15118848781248187,1.0051088393282952
none,0.5663436914343288,0.9140007578982762,0.9999979446732653,0.960903062907307,0.8251809239653061,0.6258225526596488,0.18310640104275008,0.14881199561141428,0.25180311584501125,0.8468000961370319,0,0,0,0,0,0,0,0,0,0
none,1.230017273714053,1.6517451303415518,0.999995144835909,1.032150460515082,1.2982643865477008,1.1900072721236423,0.6617475011176686,0.19436650089848684,0.48029263620286056,1.615151931430323,0.8124815072750433,1.144684077951228,0.9999928814435819,0.9189423435901363,0.8195571999466007,0.9518001901342603,0.1988305882380241,0.14326439898627324,0.1619802403473342,1.00706050301535
none,0.5642736323006183,0.9179193884067887,0.9999979273029976,0.9671517107421634,0.8256434416238434,0.6256940447950644,0.1514897224367737,0.15976424225142918,0.28543418892364264,0.8487505580632567,0,0,0,0,0,0,0,0,0,0
none,1.3264886171341779,1.8458250698763174,0.9999947026617659,1.1130249358752888,1.486628440224228,1.2784467338089047,0.8617606718048604,0.25825221894732153,0.587229699165253,1.7932549422890163,0.5700161190875542,0.9346244795172378,0.9999979188728539,0.9633146172372062,0.8335627337222673,0.6252574020379684,0.16346091816169342,0.1587732666231907,0.274427369354891,0.8508233199241132
none,0.5565392626428455,0.9264258377869113,0.9999979506124738,0.9575033398507455,0.8270336786321942,0.6240690793580387,0.16636547543681074,0.14857946861795301,0.2686087971457768,0.8370081510965958,0,0,0,0,0,0,0,0,0,0
none,0.4888805318798019,0.9902533736554977,0.999997910953643,0.905308422786838,0.7224494757539035,0.5315168679626313,0.06575044599975552,0.10677360043386527,0.18810132103324465,0.3102502398584244,0,0,0,0,0,0,0,0,0,0
none,0.5746128519867573,0.9618229180139509,0.9999979574992426,0.9332397200645279,0.720665512780256,0.541510282070899,0.12329676522625192,0.13730082334412055,0.3114167829761139,0.6376007596084656,0,0,0,0,0,0,0,0,0,0
none,0.5201123591491646,0.9581710229208211,0.9999979837193179,0.9307895975939221,0.7398753864092621,0.6269963294545327,0.1488286989588208,0.1414730875269487,0.28930319837347224,0.6907885947901875,0,0,0,0,0,0,0,0,0,0
none,0.5472648688964346,0.9714479353213421,0.999997946818849,0.9335028413933631,0.7483976470161694,0.5998842580424467,0.15683030291779548,0.14907149044972748,0.2762725010589824,0.7019019398394496,0,0,0,0,0,0,0,0,0,0
none,0.5367992505344612,0.9670033586750345,0.999997943925538,0.9219558581345528,0.744418168944834,0.6173942287961801,0.16090375505487453,0.15906900321199674,0.26740878613856145,0.7123199876322838,0,0,0,0,0,0,0,0,0,0
none,0.5678588935738883,0.9670755205027944,0.9999979495147158,0.9298285842636616,0.7528768553171068,0.6020646814446636,0.15595558738817875,0.15541742713681145,0.2676042508749764,0.7124527655867002,0,0,0,0,0,0,0,0,0,0
none,0.5525435479905091,0.9647383986184785,0.9999979481036244,0.9335848942786615,0.7562676896268475,0.6071190810132846,0.16546312164846821,0.14859763503101,0.2748146923414531,0.7092978788260812,0,0,0,0,0,0,0,0,0,0
none,0.5803537731099723,1.0018565690761922,0.9999978054496259,0.9437436988760207,0.8035716698141793,0.6158467483530606,0.15142395998466976,0.18301425653042735,0.2396737790575554,0.755965008677579,0,0,0,0,0,0,0,0,0,0
none,0.5498618193553949,0.9830497331767181,0.9999978456209594,0.9300235355392351,0.7659258277894224,0.632567863307738,0.1457230183311001,0.17127726413541658,0.2615671218748128,0.754762032210853,0,0,0,0,0,0,0,0,0,0
none,0.5483677215970493,0.9841133213133723,0.9999978645787534,0.918629870054847,0.7559670853708869,0.6184817760408426,0.161809589823884,0.16762628016476605,0.256169457068957,0.7348011044064918,0,0,0,0,0,0,0,0,0,0
none,0.9937070193008032,1.2084566250378699,0.9999939609966793,0.8230073415815232,0.6757915162490722,0.34205602596041423,0.23607767554895137,0.19610501791183846,0.28614680247388574,0.6057805893212843,0.5817590678535428,0.9820269827478487,0.9999978784809814,0.9262299602157948,0.7547123926975502,0.6070087215685236,0.15658749081906514,0.15162615051853168,0.27877682298739437,0.7295284918410234
none,0.5392915699637135,0.9759075524823627,0.9999978921493526,0.9283634816285089,0.7483436961038413,0.6337996926961417,0.15919748730759392,0.14857860084095575,0.2750390743104967,0.7253928256075473,0,0,0,0,0,0,0,0,0,0
none,0.5747424173470999,0.9863986784653377,0.99999789252475,0.9265317917615181,0.7628147272082066,0.5963373355698606,0.15629863833631846,0.1476007104771177,0.2645133846183857,0.7130839413134085,0,0,0,0,0,0,0,0,0,0
speed,0.5850224023601615,1.0373080506659837,0.9999907938787016,1.0277859559063973,0.9834231033037061,0.5746273963704891,0.07863861463482075,0.08061024333929424,0.11623988390226828,0.6370370407668431,0,0,0,0,0,0,0,0,0,0
speed,0.5965332443539337,1.0022077465767734,0.9999920499838911,0.9780104180764692,0.8738377411885853,0.4906184153901108,0.08146675870516693,0.09029377118331115,0.14040293756158193,0.5217215784207081,0,0,0,0,0,0,0,0,0,0
speed,0.5970832314612458,0.9701246831212597,0.9999917536624755,0.981720854118593,0.8855130664117115,0.4539752767209048,0.10359696335582683,0.08385181286275868,0.12888415559188315,0.5175704312510164,0,0,0,0,0,0,0,0,0,0
speed,0.6413529473033296,0.9686309150315533,0.9999918979994203,0.9867750009045066,0.8834219353213151,0.3469758469961305,0.10089532506572375,0.08586905066363482,0.13292230389320445,0.3891379033997626,0,0,0,0,0,0,0,0,0,0
speed,0.5933742259678007,0.9856483237997518,0.9999921284780776,0.9345348480257382,0.8042940054531833,0.44372063431570263,0.10164436289998094,0.10508905771151165,0.15040755424860272,0.422676662863268,0,0,0,0,0,0,0,0,0,0
speed,0.6600881678879703,0.9689979852716688,0.9999917241918925,0.9664553683712118,0.8388609068265296,0.354175742939429,0.09162692936304417,0.09896143214629345,0.156369000752882,0.4016429947962391,0,0,0,0,0,0,0,0,0,0
speed,0.587187066420389,0.9609516277005058,0.9999917891063589,0.9724778346241486,0.8713315594269007,0.42224234319314174,0.09698599951324412,0.10473011544558895,0.13417148938390816,0.478362934161832,0,0,0,0,0,0,0,0,0,0
speed,0.9731226260208529,1.1595844377210947,0.9999887161973606,0.7323210641996961,0.5694490881966251,0.24138200674921764,0.1656677541645284,0.28563828486710935,0.21356574370487025,0.4912893113234838,0,0,0,0,0,0,0,0,0,0
speed,1.7486866430485641,1.3466438170909072,0.9999905882911305,0.7779058645358655,0.7462041141998724,0.4843311394735999,0.4387941857386269,0.3790776201695142,0.2840193042965228,1.48962144035227,0,0,0,0,0,0,0,0,0,0
think,0.6079059608309262,0.9768224916287831,0.9999982718321448,0.9238652324534684,0.8257262825899402,0.40515314000109176,0.10780767883554207,0.15155627041638836,0.12319283851815113,0.4193231705076454,0,0,0,0,0,0,0,0,0,0
think,0.6803590650428908,0.9792890061948937,0.9999982436895917,0.9620462954583476,0.8453021900021663,0.333161443027795,0.1200441770637076,0.1450273300291276,0.20317628048724642,0.4630458803630349,0,0,0,0,0,0,0,0,0,0
think,0.9075962484279984,1.049401000366099,0.9999936680193544,0.9293702127973099,0.8441489986373252,0.3754398814411876,0.2761397739256602,0.20920765522248508,0.1766002560586733,0.8436857483140296,0,0,0,0,0,0,0,0,0,0
think,1.0069895184031477,1.013704063915991,0.999975230709558,0.8604823524404368,1.0071342152791474,0.2170077429774703,0.24562830067270847,0.27083292278841437,0.27550646289710345,0.6007072710415501,1.3265244235027478,1.07355979004562,0.9999798566206595,1.0244105895346372,1.018115232782152,0.8559148567085095,0.4771728801743132,0.3045340636024184,0.2572601017928593,1.393845657469074
think,0.7528986258152571,0.9861528359661199,0.9999922858874204,0.9973783522844495,0.9515627617560747,0.3062200126223385,0.1267288882150578,0.11961806070540516,0.12812507686945332,0.5355083823530475,0,0,0,0,0,0,0,0,0,0
think,1.1478342885632895,1.1593674060544954,0.9999803868581063,0.9365892932843837,0.8887134880982639,0.5377648638827836,0.3536323381535214,0.2319308526042532,0.23158507280736618,1.2022910113644487,0,0,0,0,0,0,0,0,0,0
think,1.0792483391480712,1.1355013293066953,0.9999953283571327,0.8616693274781497,0.67821298578917,0.08667155275665633,0.15892870300552928,0.1621772250885363,0.19253747278604635,0.4753639725158478,0,0,0,0,0,0,0,0,0,0
think,0.80984308576734,1.1113997378844955,0.9999723179860013,0.8760123949595743,0.7064035972068681,0.3615588919682147,0.25130707708260436,0.17017952415207627,0.21206463654859956,0.3551920886254072,0,0,0,0,0,0,0,0,0,0
think,1.254401175892217,1.8724173638674033,0.9999702551458347,0.7639763196683118,0.8329666363654,1.1113165035539834,1.2869425879112284,0.4227137749745625,0.33560450749855464,1.3365349841269787,0,0,0,0,0,0,0,0,0,0
think,0.8620196692558036,1.0030696922861173,0.9999820477514585,0.9053960606023355,0.8216486255223708,0.2072811566301772,0.25490135795319646,0.12275714520309669,0.15732232025853085,0.4769630843568727,0,0,0,0,0,0,0,0,0,0
think,1.133431469722125,1.2348087413456263,0.9999692741098045,0.8253043726148167,0.638591244261855,0.4240696208178305,0.4258550068078671,0.3311332206526117,0.36383447051319656,1.0626947788417438,0,0,0,0,0,0,0,0,0,0
think,1.4542796694024887,2.013436043733108,0.9999642190623979,0.7604851082021672,0.8212978555128561,1.1873542549360165,1.636815202720215,0.5046068836680697,0.39143828010714965,1.7288392256954466,1.3085106241558597,1.3406125312238446,0.9999599157406048,0.9515951871612849,0.798842472249442,0.3914583282475387,0.3888622170419143,0.43764343599591143,0.47788975135542416,1.2689975268092437
think,1.4358388354926757,1.317997114306123,0.9999578132935674,1.0030945953947115,0.8565017849547187,0.44735935444182534,0.36701334533525254,0.5580558451579154,0.9654287322534489,1.7454171847535562,0,0,0,0,0,0,0,0,0,0
think,1.2170662589333734,1.1904896056609382,0.9999776094794945,0.7450985795698294,0.5735522011692996,0.21523517478398924,0.28957051657871713,0.359217571797758,0.493132985135154,1.1769051166493516,1.2671633602529706,1.2182577196361906,0.999962503929332,0.9586707565034412,0.7938265428937408,0.2953113031581355,0.36363387666211605,0.4088204343819583,0.9090167048096002,1.5257889024626938
think,1.238535008153362,1.1557378972449244,0.9999733888931095,0.7923440059230111,0.6147031768143609,0.2788199031506123,0.3043184908531191,0.39723135742101157,0.353955583637995,1.0913839948328425,1.2622706852702938,1.2039394064382647,0.9999634417587397,0.9695043826695419,0.8051161376077741,0.279405375967216,0.43015016526599337,0.39845783206070556,0.3198200407034896,1.1452469010435646
vanish,1.319203743000031,1.5383449722278597,0.99996571120114,0.9448300796753704,1.0115435327265623,0.7971995658444595,1.2514290825235865,0.510104342759466,0.3899095265755654,1.7787520550493174,0,0,0,0,0,0,0,0,0,0
vanish,1.2550159457993764,1.3550081112964196,0.9999715839180466,0.6962392528499177,0.6509464103195662,0.36531495904631567,0.39515084509905213,0.4022212284253727,0.37893230099159886,1.2161677460360534,0,0,0,0,0,0,0,0,0,0
vanish,1.3472940059511997,1.3561914080975543,0.999968055685937,0.6455310318050526,0.48587758871587183,0.12653223044648187,0.37550198264871026,0.3971614001505817,0.3910115687073067,1.137691612447176,0,0,0,0,0,0,0,0,0,0
vanish,0.5114691486449919,1.0411354824972718,0.9999972472344333,0.40444303706953105,0.3492093416840456,0.5929968839331519,0.39907773447321526,0.6261450568573494,0.12282408436247715,0.3008806902030437,0,0,0,0,0,0,0,0,0,0
vanish,0.5065991770067048,1.0050875312962233,0.999997513707667,0.42546329114082,0.36732005802468143,0.5174358529009163,0.37766549061796784,0.5882685031827921,0.09827106529325597,0.30185888751382667,0,0,0,0,0,0,0,0,0,0
vanish,1.0257999354126435,1.112234198278262,0.9999827780251133,0.826023468820003,0.706502957851804,0.3072071517953447,0.2213439939324581,0.26690203483575936,0.3055644102980553,0.8253128566831593,0,0,0,0,0,0,0,0,0,0
vanish,1.1324320396706924,1.1389855768076411,0.9999761922808617,0.7380812453460642,0.5168070324658611,0.25989617442885193,0.2392320639547011,0.37080098848427406,0.3166769098656055,0.8914005745526212,0,0,0,0,0,0,0,0,0,0
vanish,0.7464108471800179,1.137200349958222,0.9999964980625335,0.47882564892366947,0.4218846946627097,0.4262399747900963,0.5938477908730566,0.5250804890973122,0.18071063555922948,0.55476090524047,0,0,0,0,0,0,0,0,0,0
vanish,0.8442064290918351,1.06861302216776,0.9999938152676158,0.9032031758283716,0.8043624100718642,0.6228012755224422,0.08815362632889716,0.11560347890108849,0.10696156293146,0.5973962154360813,0,0,0,0,0,0,0,0,0,0
vanish,0.7871819287778955,1.0258174668738609,0.9999946790663188,0.9291576690873556,0.8241415984762316,0.6203177560953477,0.07750533407216459,0.0995058850214283,0.11035420310927731,0.5985994217104655,0,0,0,0,0,0,0,0,0,0
